,Name,County,Metro,mean_price_1Bedroom,min_t_1Bedroom,t_range_1Bedroom,intercept_1Bedroom,price_trend_1Bedroom,intercept_err_1Bedroom,price_trend_err_1Bedroom,rsquared_1Bedroom,std_err_1Bedroom,nobs_1Bedroom
0,Northeast Dallas,Dallas,Dallas-Fort Worth,812.053,2430.663,547.499,1121.296,-0.114,184.111,0.068,0.143,46.675,19.000
1,Paradise,Clark,Las Vegas,665.417,1001.083,1977.079,454.151,0.106,22.271,0.011,0.604,49.820,66.000
2,Upper West Side,New York,New York,3024.981,666.500,2311.662,2564.656,0.253,24.536,0.013,0.842,73.906,77.000
3,Sherman Oaks,Los Angeles,Los Angeles-Long Beach-Anaheim,1421.233,1244.415,1733.746,896.530,0.249,31.553,0.015,0.839,55.359,58.000
4,Upper East Side,New York,New York,2593.069,1031.499,1946.662,2115.328,0.238,30.089,0.014,0.812,65.383,65.000
5,East New York,Kings,New York,1256.123,1396.498,1581.663,747.135,0.233,40.761,0.018,0.762,60.565,53.000
6,Paradise Valley,Maricopa,Phoenix,852.000,2126.497,851.665,617.583,0.092,95.494,0.037,0.184,49.230,29.000
7,Deer Valley,Maricopa,Phoenix,775.881,2369.830,608.332,-15.787,0.296,106.623,0.040,0.745,31.936,21.000
8,Washington Heights,New York,New York,1462.537,970.666,2007.496,1082.785,0.192,9.743,0.005,0.962,22.429,67.000
9,Van Nuys,Los Angeles,Los Angeles-Long Beach-Anaheim,1079.246,1274.832,1703.330,525.153,0.261,28.345,0.013,0.880,48.152,57.000
10,Astoria,Queens,New York,1848.554,1031.499,1946.662,1337.955,0.255,43.303,0.021,0.705,94.096,65.000
11,North Mountain,Maricopa,Phoenix,606.280,2248.163,729.998,316.755,0.111,57.049,0.022,0.530,22.884,25.000
12,Far North,Dallas,Dallas-Fort Worth,781.885,1031.499,1946.662,514.342,0.133,15.063,0.007,0.844,32.733,65.000
13,Hollywood,Los Angeles,Los Angeles-Long Beach-Anaheim,1568.114,1001.083,1977.079,1193.046,0.189,50.106,0.024,0.487,112.084,66.000
14,Williamsburg,Kings,New York,2797.648,1366.082,1612.080,2414.588,0.176,92.236,0.041,0.258,141.825,54.000
15,Bedford Stuyvesant,Kings,New York,1664.856,1001.083,1977.079,939.243,0.365,18.211,0.009,0.964,40.737,66.000
16,Flatbush,Kings,New York,1427.926,1153.166,1824.996,925.305,0.243,14.737,0.007,0.955,28.408,61.000
17,Crown Heights,Kings,New York,1655.992,1061.916,1916.246,1033.664,0.308,33.532,0.016,0.857,70.755,64.000
18,Jamaica,Queens,New York,1418.565,1366.082,1612.080,925.408,0.227,29.373,0.013,0.850,45.164,54.000
19,Harlem,New York,New York,1684.864,1001.083,1977.079,1202.903,0.242,22.092,0.011,0.890,49.418,66.000
20,Williamsbridge,Bronx,New York,1150.017,1183.582,1794.579,764.533,0.185,18.694,0.009,0.886,34.938,60.000
21,East Harlem,New York,New York,2066.333,1001.083,1977.079,1386.013,0.342,44.256,0.021,0.800,98.999,66.000
22,Bushwick,Kings,New York,1740.264,1335.665,1642.496,901.914,0.389,43.388,0.020,0.881,69.003,55.000
23,East Flatbush,Kings,New York,1299.733,1183.582,1794.579,1014.952,0.137,17.992,0.008,0.821,33.626,60.000
24,Enterprise,Clark,Las Vegas,948.861,2461.079,517.082,773.773,0.064,54.177,0.020,0.396,12.553,18.000
25,Corona,Queens,New York,1455.600,1183.582,1794.579,926.755,0.254,19.625,0.009,0.930,36.677,60.000
26,Sunset Park,Kings,New York,1448.051,1213.999,1764.163,992.116,0.218,19.952,0.009,0.907,36.137,59.000
27,Concourse,Bronx,New York,1203.147,1457.332,1520.830,752.469,0.203,18.587,0.008,0.926,25.747,51.000
28,North Hollywood,Los Angeles,Los Angeles-Long Beach-Anaheim,1763.800,2552.329,425.832,866.852,0.324,348.132,0.126,0.339,59.585,15.000
29,Alief,Harris,Houston,591.608,1883.164,1094.998,582.988,0.004,30.788,0.013,0.002,24.122,37.000
30,Elmhurst,Queens,New York,1588.633,1061.916,1916.246,1111.982,0.236,15.612,0.007,0.942,32.943,64.000
31,Bensonhurst,Kings,New York,1323.648,1153.166,1824.996,964.782,0.174,13.659,0.006,0.926,26.331,61.000
32,Koreatown,Los Angeles,Los Angeles-Long Beach-Anaheim,1301.520,1457.332,1520.830,664.589,0.287,42.360,0.019,0.828,58.677,51.000
33,West San Jose,Santa Clara,San Jose,2039.217,2308.996,669.165,779.804,0.476,178.081,0.067,0.705,62.103,23.000
34,Soundview,Bronx,New York,1265.468,1578.998,1399.164,1048.653,0.095,41.618,0.018,0.384,49.743,47.000
35,Lower East Side,New York,New York,2504.821,1305.249,1672.913,2026.614,0.223,23.463,0.011,0.890,38.575,56.000
36,Logan Square,Cook,Chicago,1219.107,2582.746,395.416,841.906,0.136,176.402,0.063,0.276,26.921,14.000
37,Flushing,Queens,New York,1491.492,1031.499,1946.662,1099.994,0.195,14.525,0.007,0.926,31.562,65.000
38,Downtown,Santa Clara,San Jose,2287.571,1943.997,1034.164,465.286,0.740,146.166,0.059,0.827,104.000,35.000
39,Murray Hill,Queens,New York,1474.672,1153.166,1824.996,1058.785,0.201,17.734,0.008,0.909,34.184,61.000
40,Sheepshead Bay,Kings,New York,1413.208,1183.582,1794.579,1018.231,0.190,15.027,0.007,0.927,28.084,60.000
41,North Raleigh,Wake,Raleigh,820.575,2400.246,577.915,209.366,0.227,66.458,0.025,0.825,18.350,20.000
42,Gravesend,Kings,New York,1387.861,1153.166,1824.996,1075.593,0.151,18.443,0.009,0.838,35.553,61.000
43,Sharpstown,Harris,Houston,585.438,1791.914,1186.247,509.081,0.032,19.037,0.008,0.302,17.092,40.000
44,San Pedro,Los Angeles,Los Angeles-Long Beach-Anaheim,1051.661,1213.999,1764.163,639.840,0.196,37.627,0.017,0.690,68.151,59.000
45,Forest Hills,Queens,New York,1696.848,1001.083,1977.079,1241.847,0.229,15.353,0.007,0.937,34.343,66.000
46,East Village,New York,New York,2692.351,970.666,2007.496,2273.208,0.212,28.048,0.014,0.789,64.565,67.000
47,West Rogers Park,Cook,Chicago,863.477,1061.916,1916.246,672.058,0.095,8.627,0.004,0.895,18.205,64.000
48,Eldridge - West Oaks,Harris,Houston,973.355,1852.747,1125.414,827.430,0.060,52.229,0.021,0.181,42.866,38.000
49,Ridgewood,Queens,New York,1439.138,1244.415,1733.746,732.775,0.335,31.922,0.015,0.902,56.008,58.000
50,Jackson Heights,Queens,New York,1660.192,1031.499,1946.662,1272.460,0.193,16.565,0.008,0.904,35.996,65.000
51,Midwood,Kings,New York,1364.328,1153.166,1824.996,970.524,0.191,16.526,0.008,0.911,31.856,61.000
52,Clear Lake,Harris,Houston,817.357,2582.746,395.416,57.128,0.273,118.813,0.043,0.774,18.132,14.000
53,Park Slope,Kings,New York,2396.307,1274.832,1703.330,1944.530,0.212,50.276,0.023,0.608,85.409,57.000
54,Mission,San Francisco,San Francisco,3409.500,2308.996,669.165,2675.082,0.278,509.832,0.192,0.090,177.795,23.000
55,Albany Park,Cook,Chicago,869.750,1183.582,1794.579,617.903,0.121,16.889,0.008,0.803,31.564,60.000
56,Central Colorado Springs,El Paso,Colorado Springs,615.861,1366.082,1612.080,500.103,0.053,32.494,0.015,0.204,49.963,54.000
57,Gramercy,New York,New York,3135.443,879.416,2098.745,2706.443,0.222,39.396,0.019,0.658,98.628,70.000
58,Bay Ridge,Kings,New York,1440.557,1153.166,1824.996,1065.500,0.182,10.960,0.005,0.955,21.128,61.000
59,Rogers Park,Cook,Chicago,870.856,1001.083,1977.079,719.693,0.076,11.918,0.006,0.732,26.661,66.000
60,Tremont,Bronx,New York,1174.760,1548.581,1429.580,614.856,0.247,24.082,0.010,0.924,29.895,48.000
61,Kensington,Kings,New York,1608.500,1183.582,1794.579,1005.572,0.290,42.130,0.020,0.790,78.738,60.000
62,Encanto,Maricopa,Phoenix,709.425,1396.498,1581.663,674.144,0.016,39.767,0.018,0.016,59.088,53.000
63,Bath Beach,Kings,New York,1291.771,1213.999,1764.163,978.502,0.149,13.951,0.006,0.904,25.269,59.000
64,Little Havana,Miami-Dade,Miami-Fort Lauderdale,1248.843,1943.997,1034.164,1015.217,0.095,98.419,0.040,0.148,70.027,35.000
65,Roxbury,Suffolk,Boston,1528.875,2400.246,577.915,1497.133,0.012,269.586,0.100,0.001,74.438,20.000
66,University Heights,Bronx,New York,1128.950,1183.582,1794.579,695.555,0.208,14.297,0.007,0.944,26.720,60.000
67,Bayside,Queens,New York,1525.000,1913.581,1064.581,1115.590,0.167,72.493,0.029,0.488,54.158,36.000
68,Bedford Park,Bronx,New York,1153.275,1183.582,1794.579,601.453,0.265,19.104,0.009,0.939,35.704,60.000
69,Downtown,Shelby,Memphis,975.196,2308.996,669.165,756.369,0.083,101.399,0.038,0.182,35.361,23.000
70,Lake Highlands,Dallas,Dallas-Fort Worth,929.650,2096.080,882.081,925.670,0.002,94.127,0.037,0.000,51.407,30.000
71,Hamilton Heights,New York,New York,1598.102,1061.916,1916.246,1253.047,0.171,15.361,0.007,0.898,32.412,64.000
72,University City,San Diego,San Diego,1608.930,1274.832,1703.330,994.353,0.289,59.743,0.027,0.670,101.491,57.000
73,Chelsea,New York,New York,3423.664,970.666,2007.496,2586.188,0.424,50.476,0.025,0.822,116.193,67.000
74,Lake View,Cook,Chicago,1287.609,2308.996,669.165,810.106,0.181,77.491,0.029,0.645,27.024,23.000
75,Woodside,Queens,New York,1610.311,1153.166,1824.996,1191.203,0.203,21.689,0.010,0.871,41.809,61.000
76,Woodland Hills,Los Angeles,Los Angeles-Long Beach-Anaheim,1665.921,1274.832,1703.330,1251.318,0.195,38.642,0.018,0.688,65.645,57.000
77,Oak Lawn,Dallas,Dallas-Fort Worth,1346.560,1244.415,1733.746,1084.095,0.124,31.736,0.015,0.564,55.681,58.000
78,Greater Uptown,Harris,Houston,1275.426,1153.166,1824.996,866.058,0.198,29.937,0.014,0.772,57.708,61.000
79,Palms,Los Angeles,Los Angeles-Long Beach-Anaheim,1826.125,2400.246,577.915,909.262,0.341,307.787,0.114,0.331,84.986,20.000
80,Fordham,Bronx,New York,1155.745,1518.165,1459.997,633.675,0.232,24.257,0.011,0.911,31.252,49.000
81,Mid City West,Los Angeles,Los Angeles-Long Beach-Anaheim,2336.119,2369.830,608.332,3043.928,-0.265,418.395,0.156,0.131,125.320,21.000
82,Sunnyside,Queens,New York,1734.538,1031.499,1946.662,1193.016,0.270,18.015,0.009,0.939,39.147,65.000
83,Greenwich Village,New York,New York,3231.179,879.416,2098.745,2789.414,0.229,44.891,0.022,0.611,112.385,70.000
84,Carmel Valley,San Diego,San Diego,1900.531,2035.247,942.915,1143.519,0.302,52.673,0.021,0.875,32.121,32.000
85,Rego Park,Queens,New York,1683.762,1153.166,1824.996,1146.622,0.260,17.578,0.008,0.944,33.885,61.000
86,Morningside Heights,New York,New York,2861.812,2521.913,456.249,3517.834,-0.239,748.572,0.272,0.052,142.622,16.000
87,Kew Gardens Hills,Queens,New York,1587.403,2065.664,912.498,1357.622,0.091,129.702,0.051,0.099,74.913,31.000
88,East Boston,Suffolk,Boston,1503.578,1457.332,1520.830,1049.559,0.205,51.429,0.023,0.623,71.240,51.000
89,Coral Way,Miami-Dade,Miami-Fort Lauderdale,1562.364,1001.083,1977.079,1018.196,0.274,22.378,0.011,0.909,50.059,66.000
90,Ocean Hill,Kings,New York,1464.826,2308.996,669.165,576.722,0.336,140.610,0.053,0.656,49.035,23.000
91,Mid Wilshire,Los Angeles,Los Angeles-Long Beach-Anaheim,1853.570,1274.832,1703.330,1391.830,0.217,88.498,0.041,0.343,150.340,57.000
92,Parkchester,Bronx,New York,1146.585,1213.999,1764.163,793.287,0.169,19.294,0.009,0.862,34.946,59.000
93,Ocean Parkway,Kings,New York,1402.551,1518.165,1459.997,930.285,0.210,23.155,0.010,0.902,29.833,49.000
94,South Shore,Cook,Chicago,674.914,1061.916,1916.246,613.128,0.031,16.955,0.008,0.188,35.776,64.000
95,Jamaica Plain,Suffolk,Boston,1702.151,1700.664,1277.497,1410.768,0.125,86.011,0.036,0.223,87.727,43.000
96,Inwood,New York,New York,1362.646,1031.499,1946.662,1119.079,0.121,14.984,0.007,0.819,32.561,65.000
97,Norwood,Bronx,New York,1195.943,1396.498,1581.663,715.527,0.220,22.107,0.010,0.906,32.848,53.000
98,North,Tarrant,Dallas-Fort Worth,754.429,2582.746,395.416,-178.982,0.336,104.567,0.038,0.869,15.958,14.000
99,Brighton,Suffolk,Boston,1562.062,1031.499,1946.662,1184.997,0.188,11.681,0.006,0.947,25.383,65.000
100,Dyker Heights,Kings,New York,1303.851,1578.998,1399.164,813.139,0.215,27.220,0.012,0.882,32.534,47.000
101,Morris Park,Bronx,New York,1295.781,1548.581,1429.580,878.090,0.185,27.319,0.012,0.840,33.912,48.000
102,North Park,San Diego,San Diego,1087.076,1213.999,1764.163,515.959,0.272,20.933,0.010,0.933,37.914,59.000
103,North Dallas,Dallas,Dallas-Fort Worth,1296.094,2521.913,456.249,-956.305,0.819,364.203,0.132,0.733,69.390,16.000
104,Lake View East,Cook,Chicago,1227.764,879.416,2098.745,942.897,0.148,10.153,0.005,0.927,25.417,70.000
105,South Loop,Cook,Chicago,1742.877,909.833,2068.329,1473.422,0.139,19.911,0.010,0.750,48.489,69.000
106,South Boston,Suffolk,Boston,2450.330,1487.748,1490.413,2182.251,0.120,99.415,0.044,0.136,132.851,50.000
107,Studio City,Los Angeles,Los Angeles-Long Beach-Anaheim,1808.384,1700.664,1277.497,957.638,0.364,76.213,0.032,0.757,77.733,43.000
108,Del Rey,Los Angeles,Los Angeles-Long Beach-Anaheim,2447.018,2156.913,821.248,1947.924,0.194,258.026,0.100,0.127,125.330,28.000
109,Fort Greene,Kings,New York,2636.680,1061.916,1916.246,1844.523,0.392,31.872,0.015,0.915,67.254,64.000
110,Columbia Heights,District of Columbia,Washington,2146.355,1335.665,1642.496,2745.321,-0.278,94.785,0.043,0.442,150.742,55.000
111,Greenwood,Kings,New York,1965.242,2065.664,912.498,1623.897,0.135,174.148,0.069,0.118,100.584,31.000
112,Venice,Los Angeles,Los Angeles-Long Beach-Anaheim,2489.050,1183.582,1794.579,2171.506,0.153,138.271,0.064,0.088,258.418,60.000
113,Greenpoint,Kings,New York,2256.325,1183.582,1794.579,1429.795,0.397,77.987,0.036,0.673,145.752,60.000
114,Kingsbridge,Bronx,New York,1225.992,1183.582,1794.579,805.320,0.202,15.603,0.007,0.930,29.161,60.000
115,Sawtelle,Los Angeles,Los Angeles-Long Beach-Anaheim,1868.235,2491.496,486.666,473.822,0.510,290.032,0.106,0.607,61.113,17.000
116,Prospect Lefferts Gardens,Kings,New York,1489.658,1183.582,1794.579,937.515,0.265,27.503,0.013,0.881,51.401,60.000
117,Downtown,Los Angeles,Los Angeles-Long Beach-Anaheim,2308.180,1153.166,1824.996,1452.271,0.414,58.253,0.027,0.796,112.293,61.000
118,Capitol Hill,King,Seattle,1559.475,1183.582,1794.579,720.944,0.403,44.513,0.021,0.867,83.192,60.000
119,M Streets,Dallas,Dallas-Fort Worth,1181.277,1305.249,1672.913,884.795,0.138,15.695,0.007,0.874,25.804,56.000
120,Hollywood Hills,Los Angeles,Los Angeles-Long Beach-Anaheim,1813.058,1700.664,1277.497,632.920,0.504,120.203,0.051,0.707,122.600,43.000
121,Homecrest,Kings,New York,1436.102,1518.165,1459.997,1003.043,0.193,19.672,0.009,0.914,25.344,49.000
122,West Roxbury,Suffolk,Boston,1639.792,1183.582,1794.579,1530.126,0.053,35.467,0.017,0.149,66.285,60.000
123,Fort Hamilton,Kings,New York,1467.042,1183.582,1794.579,1093.145,0.180,19.603,0.009,0.870,36.637,60.000
124,South End,Suffolk,Boston,2422.682,1335.665,1642.496,2157.912,0.123,35.383,0.016,0.526,56.273,55.000
125,Downtown,Hudson,New York,2120.672,1153.166,1824.996,1719.343,0.194,56.554,0.027,0.477,109.018,61.000
126,Clinton,New York,New York,3109.172,1061.916,1916.246,2513.814,0.295,53.050,0.025,0.686,111.941,64.000
127,Neartown - Montrose,Harris,Houston,1340.343,1457.332,1520.830,1321.224,0.009,52.345,0.023,0.003,72.510,51.000
128,Alexandria West,Alexandria City,Washington,1462.926,1366.082,1612.080,1611.927,-0.069,30.839,0.014,0.320,47.419,54.000
129,Capitol Hill,District of Columbia,Washington,1911.606,2004.830,973.331,1425.689,0.195,149.664,0.060,0.256,96.218,33.000
130,Financial District,New York,New York,3365.164,970.666,2007.496,2908.122,0.231,47.661,0.023,0.606,109.714,67.000
131,Briarwood,Queens,New York,1438.719,1274.832,1703.330,979.497,0.216,19.105,0.009,0.917,32.456,57.000
132,Brighton Beach,Kings,New York,1460.759,1244.415,1733.746,900.363,0.265,28.511,0.013,0.880,50.022,58.000
133,Flatiron District,New York,New York,3564.697,1001.083,1977.079,2551.370,0.509,45.791,0.022,0.892,102.433,66.000
134,Pacific Beach,San Diego,San Diego,1444.348,2308.996,669.165,740.976,0.266,122.642,0.046,0.612,42.769,23.000
135,Ravenswood,Cook,Chicago,1050.769,1031.499,1946.662,692.954,0.178,13.188,0.006,0.927,28.658,65.000
136,Washington Avenue Coalition - Memorial Park,Harris,Houston,1471.224,1518.165,1459.997,1600.756,-0.058,33.233,0.015,0.251,42.816,49.000
137,Landmark-Van Dom,Alexandria City,Washington,1469.783,1183.582,1794.579,1423.585,0.022,18.901,0.009,0.099,35.325,60.000
138,Pelham Bay,Bronx,New York,1275.368,1974.414,1003.748,679.515,0.241,51.398,0.021,0.810,34.786,34.000
139,West Town,Cook,Chicago,2011.203,1883.164,1094.998,1911.170,0.041,91.157,0.037,0.034,71.420,37.000
140,University District,King,Seattle,1435.353,2491.496,486.666,878.359,0.204,411.966,0.150,0.109,86.806,17.000
141,Allston,Suffolk,Boston,1524.648,1061.916,1916.246,1111.171,0.205,12.467,0.006,0.950,26.306,64.000
142,Clinton Hill,Kings,New York,2270.977,1061.916,1916.246,1573.602,0.345,60.865,0.029,0.695,128.431,64.000
143,Flamingo Lummus,Miami-Dade,Miami-Fort Lauderdale,1678.058,909.833,2068.329,1364.481,0.161,24.043,0.012,0.736,58.551,69.000
144,Edgewater Beach,Cook,Chicago,972.985,1001.083,1977.079,704.124,0.135,11.956,0.006,0.896,26.744,66.000
145,Fenway,Suffolk,Boston,2092.731,1031.499,1946.662,1648.658,0.222,30.430,0.015,0.785,66.123,65.000
146,South,Los Angeles,Los Angeles-Long Beach-Anaheim,1820.028,1366.082,1612.080,1040.939,0.359,43.148,0.019,0.868,66.346,54.000
147,West Village,New York,New York,3428.396,970.666,2007.496,2866.333,0.285,43.119,0.021,0.740,99.259,67.000
148,Kew Gardens,Queens,New York,1581.386,1274.832,1703.330,974.878,0.285,21.681,0.010,0.938,36.832,57.000
149,Brickell,Miami-Dade,Miami-Fort Lauderdale,1904.050,879.416,2098.745,1463.177,0.229,14.242,0.007,0.939,35.655,70.000
150,Potomac West,Alexandria City,Washington,1639.181,1913.581,1064.581,2627.006,-0.404,110.848,0.045,0.704,82.812,36.000
151,Brooklyn Heights,New York,New York,2786.823,1031.499,1946.662,2220.270,0.283,62.456,0.030,0.585,135.716,65.000
152,Waikiki,Honolulu,Urban Honolulu,1782.922,1244.415,1733.746,1137.215,0.306,45.913,0.021,0.789,80.555,58.000
153,Back Bay,Suffolk,Boston,2547.061,1001.083,1977.079,2408.588,0.070,48.625,0.023,0.121,108.771,66.000
154,Near North,Cook,Chicago,1780.736,879.416,2098.745,1369.069,0.213,26.555,0.013,0.796,66.479,70.000
155,Columbus Circle,New York,New York,3238.644,1001.083,1977.079,2660.602,0.291,51.319,0.025,0.683,114.797,66.000
156,Braeswood Place,Harris,Houston,1280.807,1670.248,1307.914,1292.123,-0.005,45.958,0.020,0.001,48.826,44.000
157,Uptown,Cook,Chicago,1076.654,1031.499,1946.662,787.927,0.144,28.514,0.014,0.638,61.961,65.000
158,Sutton Place,New York,New York,3027.379,1001.083,1977.079,2182.436,0.425,45.013,0.022,0.857,100.692,66.000
159,Greenway - Upper Kirby Area,Harris,Houston,1410.644,1213.999,1764.163,1098.464,0.149,54.995,0.025,0.375,99.607,59.000
160,Lower Peters Canyon,Orange,Los Angeles-Long Beach-Anaheim,1750.242,2065.664,912.498,1066.883,0.271,60.788,0.024,0.815,35.110,31.000
161,West Central,Los Angeles,Los Angeles-Long Beach-Anaheim,1944.333,2552.329,425.832,1254.536,0.249,220.816,0.080,0.429,37.794,15.000
162,North San Jose,Santa Clara,San Jose,2492.734,2035.247,942.915,1281.842,0.483,139.660,0.055,0.717,85.169,32.000
163,Wingate,Kings,New York,1550.938,2035.247,942.915,1422.652,0.051,124.111,0.049,0.035,75.686,32.000
164,Downtown,San Francisco,San Francisco,2974.275,1457.332,1520.830,1763.718,0.546,108.625,0.048,0.725,150.469,51.000
165,Bucktown,Cook,Chicago,1421.825,1791.914,1186.247,1291.268,0.055,82.629,0.034,0.063,74.186,40.000
166,Gowanus,Kings,New York,2445.298,1426.915,1551.247,1931.492,0.233,63.076,0.028,0.581,90.519,52.000
167,Pacific Heights,San Francisco,San Francisco,3433.682,1670.248,1307.914,1710.871,0.741,132.691,0.056,0.805,140.973,44.000
168,Streeterville,Cook,Chicago,1891.086,879.416,2098.745,1296.435,0.308,28.760,0.014,0.874,72.002,70.000
169,Prospect Heights,Kings,New York,2240.759,1305.249,1672.913,1350.862,0.416,67.969,0.031,0.770,111.747,56.000
170,South of Market,San Francisco,San Francisco,3375.554,1305.249,1672.913,2214.349,0.542,77.073,0.035,0.816,126.714,56.000
171,Downtown,Fairfield,Stamford,1773.235,1001.083,1977.079,1472.127,0.151,28.864,0.014,0.648,64.567,66.000
172,Turtle Bay,New York,New York,3012.697,1001.083,1977.079,2439.264,0.288,36.513,0.018,0.807,81.678,66.000
173,Midtown,New York,New York,3318.514,879.416,2098.745,2733.592,0.303,47.981,0.024,0.707,120.119,70.000
174,Astrodome Area,Harris,Houston,1108.643,1305.249,1672.913,810.115,0.139,31.187,0.014,0.641,51.274,56.000
175,Vance Jackson,Bexar,San Antonio,698.814,1700.664,1277.497,729.512,-0.013,25.721,0.011,0.034,26.234,43.000
176,Charlestown,Suffolk,Boston,2424.107,1153.166,1824.996,2398.590,0.012,33.222,0.016,0.011,64.041,61.000
177,Metro West,Orange,Orlando,802.262,1031.499,1946.662,644.265,0.079,15.430,0.007,0.643,33.530,65.000
178,Adams Morgan,District of Columbia,Washington,1997.214,1943.997,1034.164,2279.988,-0.115,129.198,0.052,0.128,91.926,35.000
179,Tribeca,New York,New York,4065.159,1092.332,1885.829,3080.817,0.484,71.827,0.034,0.768,147.119,63.000
180,Logan Circle,District of Columbia,Washington,2559.432,1213.999,1764.163,2459.811,0.048,37.393,0.017,0.117,67.726,59.000
181,Kenmore,Suffolk,Boston,2011.500,1761.498,1216.664,1559.825,0.191,35.975,0.015,0.805,33.732,41.000
182,Spuyten Duyvil,Bronx,New York,1868.592,1183.582,1794.579,1654.404,0.103,29.768,0.014,0.487,55.635,60.000
183,Wynwood - Edgewater,Miami-Dade,Miami-Fort Lauderdale,1755.492,1001.083,1977.079,1235.787,0.261,16.987,0.008,0.941,37.999,66.000
184,Gold Coast,Cook,Chicago,1565.992,1001.083,1977.079,1277.723,0.145,23.427,0.011,0.720,52.405,66.000
185,Villages of Palm Beach Lakes,Palm Beach,Miami-Fort Lauderdale,1014.283,2096.080,882.081,65.989,0.374,44.718,0.018,0.942,24.422,30.000
186,Tudor City,New York,New York,2984.317,1092.332,1885.829,2400.625,0.287,45.764,0.022,0.741,93.735,63.000
187,Capitol Hill,Denver,Denver,1208.500,2521.913,456.249,815.472,0.143,291.671,0.106,0.115,55.571,16.000
188,Battery Park,New York,New York,3528.818,1001.083,1977.079,2688.670,0.422,47.167,0.023,0.843,105.509,66.000
189,West University,Travis,Austin,1020.446,2156.913,821.248,549.929,0.183,92.429,0.036,0.501,44.895,28.000
190,Dupont Circle,District of Columbia,Washington,2536.533,1183.582,1794.579,2654.821,-0.057,66.460,0.031,0.055,124.209,60.000
191,Afton Oaks - River Oaks Area,Harris,Houston,1572.765,1974.414,1003.748,266.037,0.528,124.764,0.050,0.777,84.439,34.000
192,Mission Hill,Suffolk,Boston,1857.740,1426.915,1551.247,1993.494,-0.062,98.709,0.044,0.038,141.654,52.000
193,Alamitos Beach,Los Angeles,Los Angeles-Long Beach-Anaheim,1165.909,2004.830,973.331,414.475,0.302,101.410,0.040,0.642,65.196,33.000
194,Lincoln Park,Cook,Chicago,1524.431,1031.499,1946.662,1169.132,0.177,44.653,0.021,0.521,97.030,65.000
195,North Shore,Miami-Dade,Miami-Fort Lauderdale,1685.254,909.833,2068.329,1365.201,0.165,40.211,0.020,0.509,97.924,69.000
196,Jamaica Estates,Queens,New York,1639.583,2643.579,334.583,1389.165,0.089,139.904,0.050,0.243,16.515,12.000
197,City Center,Los Angeles,Los Angeles-Long Beach-Anaheim,2348.750,2582.746,395.416,203.975,0.771,504.589,0.181,0.601,77.007,14.000
198,Hillsborough,Wake,Raleigh,1309.974,2430.663,547.499,1454.261,-0.053,231.048,0.085,0.023,58.574,19.000
199,Riverdale,Bronx,New York,1684.347,1518.165,1459.997,1318.658,0.163,36.040,0.016,0.694,46.433,49.000
200,Windsor,Denver,Denver,1319.538,2613.162,364.999,1776.323,-0.163,186.233,0.067,0.354,25.124,13.000
201,Five Points,Denver,Denver,1475.821,1396.498,1581.663,924.185,0.252,52.885,0.024,0.690,78.580,53.000
202,East Oak Hill,Travis,Austin,1099.719,2521.913,456.249,-451.851,0.564,203.172,0.074,0.807,38.709,16.000
203,Foggy Bottom,District of Columbia,Washington,2140.750,2521.913,456.249,785.894,0.493,519.784,0.189,0.327,99.032,16.000
204,North Cambridge,Middlesex,Boston,2291.511,1639.831,1338.330,2148.493,0.062,71.320,0.030,0.088,78.865,45.000
205,Carroll Gardens,Kings,New York,2581.919,1700.664,1277.497,2297.040,0.122,80.822,0.034,0.237,82.434,43.000
206,Riverside,Middlesex,Boston,2094.663,1426.915,1551.247,1897.582,0.089,76.607,0.034,0.121,109.937,52.000
207,Mid-Cambridge,Middlesex,Boston,2077.716,1244.415,1733.746,1816.258,0.124,43.680,0.020,0.404,76.637,58.000
208,Downtown,Miami-Dade,Miami-Fort Lauderdale,1893.725,909.833,2068.329,1485.779,0.210,20.893,0.010,0.862,50.880,69.000
209,Boerum Hill,Kings,New York,2813.375,1426.915,1551.247,2641.736,0.078,128.743,0.057,0.036,184.755,52.000
210,Ballston-Virginia Square,Arlington,Washington,2133.431,1244.415,1733.746,2930.810,-0.378,85.214,0.039,0.623,149.507,58.000
211,Cambridgeport,Middlesex,Boston,2705.770,1092.332,1885.829,2764.914,-0.029,52.693,0.025,0.022,107.928,63.000
212,Downtown,Los Angeles,Los Angeles-Long Beach-Anaheim,1963.714,2582.746,395.416,547.124,0.509,514.509,0.185,0.388,78.521,14.000
213,South Beach,San Francisco,San Francisco,3537.432,1213.999,1764.163,2246.183,0.616,80.328,0.037,0.828,145.491,59.000
214,Park West,Cook,Chicago,1365.174,1001.083,1977.079,1090.528,0.138,34.113,0.016,0.524,76.310,66.000
215,Downtown,Harris,Houston,1722.033,2552.329,425.832,2799.183,-0.390,255.318,0.092,0.578,43.699,15.000
216,Near East,Dallas,Dallas-Fort Worth,1453.515,1974.414,1003.748,596.545,0.346,69.342,0.028,0.829,46.930,34.000
217,Speer,Denver,Denver,1250.735,2491.496,486.666,1860.068,-0.223,228.426,0.083,0.322,48.132,17.000
218,First Hill,King,Seattle,1853.086,2126.497,851.665,391.419,0.573,184.209,0.072,0.702,94.966,29.000
219,Buena Park,Cook,Chicago,1161.454,1031.499,1946.662,897.209,0.132,21.989,0.011,0.712,47.781,65.000
220,Van Ness - Civic Center,San Francisco,San Francisco,3486.061,2004.830,973.331,3167.363,0.128,128.676,0.051,0.167,82.725,33.000
221,SoHo,New York,New York,2831.477,1001.083,1977.079,2114.669,0.360,50.463,0.024,0.774,112.884,66.000
222,Hunters Point,Queens,New York,2790.587,1426.915,1551.247,2418.523,0.169,33.736,0.015,0.717,48.414,52.000
223,Peabody,Middlesex,Boston,2014.391,1061.916,1916.246,1663.250,0.174,36.973,0.018,0.610,78.016,64.000
224,North Hyde Park,Hillsborough,Tampa,1308.833,2461.079,517.082,1471.787,-0.060,184.102,0.068,0.047,42.658,18.000
225,North-East Coconut Grove,Miami-Dade,Miami-Fort Lauderdale,1723.875,2643.579,334.583,2481.430,-0.270,361.340,0.128,0.306,42.654,12.000
226,Mercury Central,Hampton City,Virginia Beach,805.269,2613.162,364.999,124.764,0.243,168.736,0.060,0.597,22.763,13.000
227,Aurora Highlands,Arlington,Washington,2022.349,1396.498,1581.663,2462.460,-0.201,90.346,0.040,0.327,134.242,53.000
228,Downtown,Multnomah,Portland,1563.208,2643.579,334.583,-769.558,0.830,421.630,0.150,0.754,49.771,12.000
229,Shaw,District of Columbia,Washington,2673.062,2521.913,456.249,1027.291,0.598,503.798,0.183,0.433,95.986,16.000
230,The Waterfront,Hudson,New York,2582.008,1153.166,1824.996,2269.155,0.151,33.498,0.016,0.612,64.572,61.000
231,Old Fourth Ward,Fulton,Atlanta,1206.120,1366.082,1612.080,431.901,0.356,29.443,0.013,0.933,45.273,54.000
232,The Loop,Cook,Chicago,1942.841,1001.083,1977.079,1369.945,0.288,40.231,0.019,0.775,89.994,66.000
233,Murray Hill,New York,New York,3171.269,1031.499,1946.662,2341.759,0.414,42.474,0.020,0.867,92.295,65.000
234,Oceanfront,Miami-Dade,Miami-Fort Lauderdale,1992.928,909.833,2068.329,1202.941,0.406,40.683,0.020,0.861,99.073,69.000
235,Mission Valley East,San Diego,San Diego,1772.643,2369.830,608.332,1099.086,0.252,142.312,0.053,0.542,42.626,21.000
236,Sunset Hills,Fairfax,Washington,1929.650,2400.246,577.915,1114.860,0.303,375.858,0.139,0.208,103.782,20.000
237,East Cambridge,Middlesex,Boston,2823.341,1092.332,1885.829,2668.698,0.076,44.663,0.021,0.174,91.480,63.000
238,North End,Suffolk,Boston,2038.838,1031.499,1946.662,1786.943,0.126,58.583,0.028,0.241,127.300,65.000
239,Radnor-Ft Myer Heights,Arlington,Washington,2103.884,1305.249,1672.913,2044.923,0.028,54.701,0.025,0.022,89.933,56.000
240,Oak Creek,Orange,Los Angeles-Long Beach-Anaheim,1752.857,2369.830,608.332,1195.698,0.208,105.389,0.039,0.596,31.567,21.000
241,Downtown,Kings,New York,2959.648,1153.166,1824.996,2393.534,0.274,51.117,0.024,0.689,98.537,61.000
242,Upper Eastside,Miami-Dade,Miami-Fort Lauderdale,1473.647,1974.414,1003.748,2.863,0.594,134.058,0.054,0.792,90.729,34.000
243,Beacon Hill,Suffolk,Boston,2185.885,1031.499,1946.662,1730.332,0.227,65.868,0.032,0.451,143.131,65.000
244,Cleveland Park,District of Columbia,Washington,2015.809,1974.414,1003.748,1340.285,0.273,142.244,0.057,0.417,96.269,34.000
245,West Cambridge,Middlesex,Boston,2223.125,2156.913,821.248,1430.691,0.309,239.132,0.093,0.299,116.153,28.000
246,Chinatown,Suffolk,Boston,2832.026,2430.663,547.499,757.716,0.767,527.366,0.195,0.477,133.694,19.000
247,Woodbury,Orange,Los Angeles-Long Beach-Anaheim,1748.969,2035.247,942.915,1329.989,0.167,52.016,0.021,0.687,31.721,32.000
248,Little Italy,New York,New York,3237.664,1244.415,1733.746,3113.191,0.059,52.365,0.024,0.096,91.875,58.000
249,Belltown,King,Seattle,1697.636,1213.999,1764.163,1202.322,0.236,36.194,0.017,0.777,65.555,59.000
250,Highland,Denver,Denver,1651.842,2430.663,547.499,916.911,0.272,191.134,0.071,0.466,48.455,19.000
251,River North,Cook,Chicago,2203.909,1001.083,1977.079,1776.729,0.215,40.833,0.020,0.650,91.341,66.000
252,Midtown,Harris,Houston,1523.809,1578.998,1399.164,1372.615,0.066,47.833,0.021,0.187,57.172,47.000
253,Windsor Terrace,Kings,New York,2157.827,1426.915,1551.247,1189.462,0.440,64.854,0.029,0.823,93.069,52.000
254,East Village,San Diego,San Diego,2195.719,1274.832,1703.330,2284.012,-0.042,69.826,0.032,0.030,118.620,57.000
255,Clarendon-Courthouse,Arlington,Washington,2198.560,1244.415,1733.746,2943.112,-0.353,95.314,0.044,0.536,167.228,58.000
256,Downtown,Ramsey,Minneapolis-St Paul,1312.971,2491.496,486.666,1217.769,0.035,196.673,0.072,0.015,41.441,17.000
257,Ballard,King,Seattle,1791.839,2065.664,912.498,2220.425,-0.170,90.031,0.035,0.442,52.000,31.000
258,Old City,Philadelphia,Philadelphia,1605.337,1426.915,1551.247,1319.741,0.130,33.984,0.015,0.596,48.769,52.000
259,North Buckhead,Fulton,Atlanta,1584.089,2156.913,821.248,1711.620,-0.050,177.306,0.069,0.020,86.122,28.000
260,Glover Park,District of Columbia,Washington,1736.822,1639.831,1338.330,1825.017,-0.038,64.869,0.028,0.042,71.732,45.000
261,Cobble Hill,Kings,New York,2575.312,1791.914,1186.247,2045.974,0.222,187.808,0.078,0.176,168.616,40.000
262,Dilworth,Mecklenburg,Charlotte,1298.309,1974.414,1003.748,856.561,0.178,41.929,0.017,0.779,28.377,34.000
263,Old Town Triangle,Cook,Chicago,1875.596,1274.832,1703.330,1756.764,0.056,45.035,0.021,0.118,76.505,57.000
264,Isle of Normandy,Miami-Dade,Miami-Fort Lauderdale,1202.765,1001.083,1977.079,901.910,0.151,18.619,0.009,0.816,41.651,66.000
265,Margate Park,Cook,Chicago,1093.203,1061.916,1916.246,869.411,0.111,22.566,0.011,0.631,47.617,64.000
266,Downtown West,Hennepin,Minneapolis-St Paul,1502.929,2582.746,395.416,1664.055,-0.058,211.187,0.076,0.046,32.230,14.000
267,Downtown,King,Seattle,2219.258,2004.830,973.331,1296.689,0.370,185.796,0.074,0.446,119.448,33.000
268,Mount Vernon Square,District of Columbia,Washington,2310.370,1366.082,1612.080,2309.067,0.001,34.563,0.016,0.000,53.146,54.000
269,Lowry Hill East,Hennepin,Minneapolis-St Paul,1512.441,2491.496,486.666,1141.993,0.135,226.457,0.083,0.152,47.717,17.000
270,Sheridan Park,Cook,Chicago,976.471,2491.496,486.666,637.426,0.124,196.925,0.072,0.165,41.494,17.000
271,Forest Hills,District of Columbia,Washington,1941.311,1639.831,1338.330,1898.834,0.018,51.790,0.022,0.016,57.269,45.000
272,South Central Beach,Broward,Miami-Fort Lauderdale,1670.000,1001.083,1977.079,1480.099,0.095,38.423,0.019,0.293,85.949,66.000
273,Downtown,Travis,Austin,1904.288,1001.083,1977.079,1545.788,0.180,33.613,0.016,0.658,75.190,66.000
274,East Chatham,Cook,Chicago,653.112,1518.165,1459.997,618.400,0.015,10.137,0.004,0.205,13.060,49.000
275,Victoria Park,Broward,Miami-Fort Lauderdale,1184.167,1274.832,1703.330,594.049,0.278,44.646,0.020,0.770,75.844,57.000
276,NoHo,New York,New York,3798.713,1153.166,1824.996,3073.997,0.351,57.936,0.027,0.739,111.681,61.000
277,Junction,King,Seattle,1715.679,2582.746,395.416,1463.441,0.091,207.381,0.075,0.110,31.649,14.000
278,Core-Columbia,San Diego,San Diego,1889.922,2035.247,942.915,1623.615,0.106,67.414,0.027,0.345,41.111,32.000
279,West End,Suffolk,Boston,2836.123,1274.832,1703.330,2455.547,0.179,50.373,0.023,0.523,85.574,57.000
280,North Capitol Hill,Denver,Denver,1553.458,2643.579,334.583,2416.674,-0.307,354.571,0.126,0.372,41.855,12.000
281,West Loop Gate,Cook,Chicago,1693.115,1031.499,1946.662,1457.098,0.118,53.536,0.026,0.250,116.332,65.000
282,Business District,Orange,Los Angeles-Long Beach-Anaheim,1778.490,1426.915,1551.247,1119.887,0.299,32.770,0.015,0.894,47.028,52.000
283,Pearl District,Multnomah,Portland,2141.250,2582.746,395.416,2128.091,0.005,827.418,0.297,0.000,126.274,14.000
284,Woodley Park,District of Columbia,Washington,2171.518,1305.249,1672.913,2436.780,-0.124,56.166,0.026,0.303,92.342,56.000
285,Zilker,Travis,Austin,1557.522,1609.415,1368.747,646.750,0.397,69.756,0.030,0.800,80.224,46.000
286,Braddock Road Metro,Alexandria City,Washington,1874.025,1791.914,1186.247,1840.703,0.014,73.766,0.031,0.005,66.228,40.000
287,Aggasiz - Harvard North,Middlesex,Boston,2093.000,2096.080,882.081,1337.742,0.298,226.937,0.089,0.286,123.942,30.000
288,Penrose,Arlington,Washington,1739.080,2248.163,729.998,1849.874,-0.042,192.179,0.073,0.014,77.089,25.000
289,New Eastside,Cook,Chicago,2088.705,1822.331,1155.831,2220.620,-0.055,91.359,0.038,0.054,78.463,39.000
290,Garment District,New York,New York,3474.789,1061.916,1916.246,2983.087,0.243,47.087,0.022,0.655,99.358,64.000
291,Binz,Harris,Houston,1568.696,2308.996,669.165,2333.387,-0.289,226.355,0.085,0.353,78.937,23.000
292,Southmoor Park,Denver,Denver,1190.490,1518.165,1459.997,543.308,0.288,34.594,0.015,0.885,44.570,49.000
293,Union Station,Denver,Denver,2153.333,1913.581,1064.581,2875.710,-0.295,120.349,0.049,0.519,89.910,36.000
294,St. Edwards,Travis,Austin,1449.571,1943.997,1034.164,1616.258,-0.068,63.780,0.026,0.174,45.380,35.000
295,Lyon Village,Arlington,Washington,2211.943,1396.498,1581.663,2185.784,0.012,40.820,0.018,0.008,60.654,53.000
296,North Loop,Hennepin,Minneapolis-St Paul,1589.196,2308.996,669.165,1181.815,0.154,132.797,0.050,0.311,46.311,23.000
297,South Pointe,Miami-Dade,Miami-Fort Lauderdale,2378.261,2308.996,669.165,551.126,0.691,447.691,0.169,0.444,156.125,23.000
298,Fulton River District,Cook,Chicago,1906.700,1031.499,1946.662,1646.244,0.130,27.661,0.013,0.603,60.106,65.000
299,Uptown,King,Seattle,1792.319,1578.998,1399.164,1136.745,0.288,90.699,0.039,0.545,108.408,47.000
300,Goose Island,Cook,Chicago,2211.660,1487.748,1490.413,2056.329,0.070,63.293,0.028,0.115,84.580,50.000
301,Fells Point,Baltimore City,Baltimore,2121.531,2035.247,942.915,2471.119,-0.139,101.462,0.040,0.286,61.874,32.000
302,Yerba Buena,San Francisco,San Francisco,3434.176,1366.082,1612.080,2812.156,0.286,110.694,0.050,0.389,170.206,54.000
303,Westlake,King,Seattle,1721.941,1974.414,1003.748,993.148,0.294,104.273,0.042,0.608,70.571,34.000
304,Irvine Health and Science Complex,Orange,Los Angeles-Long Beach-Anaheim,1934.758,2065.664,912.498,1308.068,0.248,79.832,0.031,0.683,46.109,31.000
305,Eisenhower East,Alexandria City,Washington,1894.604,2278.580,699.582,2133.948,-0.091,100.761,0.038,0.205,37.738,24.000
306,U Street Corridor,District of Columbia,Washington,2308.337,1609.415,1368.747,2023.326,0.124,73.786,0.032,0.259,84.858,46.000
307,Navy Yard,District of Columbia,Washington,2162.000,2400.246,577.915,1573.892,0.219,199.015,0.074,0.328,54.952,20.000
308,Downtown,King,Seattle,1830.538,2613.162,364.999,416.754,0.506,302.547,0.108,0.665,40.815,13.000
309,Downtown Charlotte,Mecklenburg,Charlotte,1551.958,2643.579,334.583,1838.728,-0.102,255.699,0.091,0.112,30.184,12.000
310,Central Business District,Allegheny,Pittsburgh,1294.167,2278.580,699.582,1924.789,-0.240,127.466,0.048,0.528,47.740,24.000
311,Central Business District,Orange,Orlando,1293.531,1548.581,1429.580,1213.644,0.035,47.192,0.020,0.061,58.582,48.000
312,Downtown,Suffolk,Boston,3072.048,1092.332,1885.829,2779.422,0.144,55.040,0.026,0.332,112.735,63.000
313,Potomac Yard-Potomac Greens,Alexandria City,Washington,1933.042,2643.579,334.583,1491.821,0.157,250.623,0.089,0.237,29.585,12.000
314,West End,District of Columbia,Washington,2858.309,1335.665,1642.496,2760.487,0.045,48.650,0.022,0.074,77.371,55.000
315,Downtown,Baltimore City,Baltimore,1509.966,2126.497,851.665,1596.999,-0.034,165.680,0.065,0.010,85.413,29.000
316,City Center,Miami-Dade,Miami-Fort Lauderdale,2152.630,1487.748,1490.413,1469.497,0.306,133.004,0.058,0.363,177.736,50.000
317,Central Park,New York,New York,3030.515,1001.083,1977.079,2634.076,0.199,46.977,0.023,0.547,105.085,66.000
318,Fourth Ward,Mecklenburg,Charlotte,1385.512,1731.081,1247.081,865.194,0.221,82.317,0.035,0.506,80.536,42.000
319,DUMBO,Kings,New York,3620.267,1183.582,1794.579,2772.195,0.408,80.638,0.038,0.670,150.707,60.000
320,Denny Triangle,King,Seattle,2482.096,2217.747,760.415,1907.322,0.221,200.117,0.077,0.257,85.755,26.000
321,Central Beach Alliance,Broward,Miami-Fort Lauderdale,1384.538,1031.499,1946.662,1150.828,0.117,33.630,0.016,0.453,73.078,65.000
322,NoMa,District of Columbia,Washington,2214.812,2521.913,456.249,902.902,0.477,168.667,0.061,0.812,32.135,16.000
323,Spectrum,Orange,Los Angeles-Long Beach-Anaheim,1817.262,2369.830,608.332,1406.243,0.154,105.117,0.039,0.447,31.485,21.000
324,River West,Cook,Chicago,1716.833,1092.332,1885.829,1472.444,0.120,42.605,0.020,0.367,87.265,63.000
325,Bay Village,Suffolk,Boston,2196.875,1305.249,1672.913,1892.039,0.142,33.103,0.015,0.623,54.424,56.000
326,Downtown,Palm Beach,Miami-Fort Lauderdale,1664.571,2582.746,395.416,2112.994,-0.161,376.697,0.135,0.106,57.489,14.000
327,City Center District,Dallas,Dallas-Fort Worth,1429.732,1305.249,1672.913,1142.276,0.134,42.085,0.019,0.476,69.191,56.000
328,Old Town Manchester,Richmond City,Richmond,884.542,2643.579,334.583,766.441,0.042,293.796,0.104,0.016,34.681,12.000
329,Central Office,Richmond City,Richmond,1346.500,2643.579,334.583,1117.085,0.082,102.118,0.036,0.336,12.054,12.000
330,Spruce Hill,Philadelphia,Philadelphia,959.559,2491.496,486.666,897.303,0.023,188.282,0.069,0.007,39.673,17.000
331,Society Hill,Philadelphia,Philadelphia,1609.000,1791.914,1186.247,1279.168,0.138,65.381,0.027,0.406,58.700,40.000
332,Spring Garden,Philadelphia,Philadelphia,1414.732,2156.913,821.248,978.752,0.170,147.683,0.057,0.253,71.734,28.000
333,Logan Square,Philadelphia,Philadelphia,1802.630,1366.082,1612.080,1626.408,0.081,49.534,0.022,0.203,76.165,54.000
334,Rittenhouse,Philadelphia,Philadelphia,1733.823,1031.499,1946.662,1760.753,-0.013,56.434,0.027,0.004,122.629,65.000
